CUSTOMER_KEY,DATE,SHOP_NAME,PRICE
UDLGCAR 858,2022-10-01,FOOD LOVERS MARKET,8091.6
GKQQXJR 550,2022-10-01,CHECKERS HYPER,527.57
UDLGCAR 858,2022-10-01,DRIP,2565.34
HVRBLTI 309,2022-10-01,WOOLWORTHS,881.93
UDLGCAR 858,2022-10-02,MR PRICE SPORT,12265.74
UDLGCAR 858,2022-10-02,COLE HAAN,364.9
NSIUPHR 651,2022-10-02,BILTONG AND BRAAI,133.04
HVRBLTI 309,2022-10-03,SAMSUNG,2564.62
ZYVHLTG 995,2022-10-03,SPAR,1668.52
OHZPHNE 67,2022-10-03,CHECKERS,164.73
HSUWFZF 75,2022-10-03,CHECKERS HYPER,2884.97
HVRBLTI 309,2022-10-04,VODACOM 4U,4323.03
HSUWFZF 75,2022-10-04,BILTONG AND BRAAI,30601.48
OHZPHNE 67,2022-10-04,FOOD LOVERS MARKET,104.84
AXLVCOE 763,2022-10-04,TYPO,1421.36
HVRBLTI 309,2022-10-04,PNP LIQUER,14841.99
HVRBLTI 309,2022-10-05,CHECKERS LIQUOR,10319.95
OHZPHNE 67,2022-10-05,BILTONG AND BRAAI,1795.52
JUXDKJE 784,2022-10-05,CHECKERS HYPER,1932.99
UDLGCAR 858,2022-10-06,SALOMON,2781.08
HVRBLTI 309,2022-10-06,CHECKERS LIQUER,797.13
UDLGCAR 858,2022-10-06,SEALAND GEAR,49369.5
HVRBLTI 309,2022-10-07,CHECKERS,1437.14
ZYVHLTG 995,2022-10-07,CHECKERS,1317.31
NSIUPHR 651,2022-10-07,MR PRICE SPORT,15402.35
HVRBLTI 309,2022-10-08,WOOLWORTHS,830.66
RAYQLJW 475,2022-10-08,SPAR,731.06
AXLVCOE 763,2022-10-08,GORIMAS,7252.47
HVRBLTI 309,2022-10-09,FOOD LOVERS MARKET,2212.79
ZYVHLTG 995,2022-10-09,CHECKERS HYPER,1040.55
HVRBLTI 309,2022-10-10,MTN,5071.13
AXLVCOE 763,2022-10-10,CHECKERS,114.95
UDLGCAR 858,2022-10-10,HAVAIANAS,2322.11
UDLGCAR 858,2022-10-10,CONVERSE,2003.14
AXLVCOE 763,2022-10-10,SPAR,702.53
HVRBLTI 309,2022-10-11,VODACOM 4U,4561.58
HVRBLTI 309,2022-10-11,PNP LIQUER,28306.37
UDLGCAR 858,2022-10-11,TIMBERLAND,488.93
JUXDKJE 784,2022-10-11,CHECKERS,3512.3
JUXDKJE 784,2022-10-11,CHECKERS HYPER,2211.16
UDLGCAR 858,2022-10-12,SPAR,7281.37
ZYVHLTG 995,2022-10-12,CHECKERS HYPER,1998.83
AXLVCOE 763,2022-10-12,FOOD LOVERS MARKET,1003.55
UDLGCAR 858,2022-10-13,FOOD LOVERS MARKET,4776.76
HVRBLTI 309,2022-10-13,PICK N PAY,1525.71
ZYVHLTG 995,2022-10-13,CHECKERS,691.16
RAYQLJW 475,2022-10-13,FOOD LOVERS MARKET,1979.42
ZYVHLTG 995,2022-10-14,PICK N PAY,1162.52
NSIUPHR 651,2022-10-14,CAPE UNION MART,26986.88
HVRBLTI 309,2022-10-15,CHECKERS LIQUOR,6962.15
UDLGCAR 858,2022-10-15,ALDO,726.79
HVRBLTI 309,2022-10-16,MTN DIRECT (NEXT TO CHECKERS HYPER),19259.95
HVRBLTI 309,2022-10-16,APPTO LIQUOR,26349.73
JUXDKJE 784,2022-10-16,SPAR,1416.51
ZYVHLTG 995,2022-10-17,FOOD LOVERS MARKET,856.96
GKQQXJR 550,2022-10-17,REMAX,6043.25
ZYVHLTG 995,2022-10-18,EDGARS,29040.03
GKQQXJR 550,2022-10-18,LEVINGERS,939.74
HVRBLTI 309,2022-10-18,FOOD LOVERS MARKET,2658.48
RAYQLJW 475,2022-10-18,BILTONG AND BRAAI,282.22
UDLGCAR 858,2022-10-19,COLUMBIA,17168.48
NSIUPHR 651,2022-10-20,PICK N PAY,1161.05
HVRBLTI 309,2022-10-21,TOPS,1933.35
HSUWFZF 75,2022-10-21,DIS-CHEM,9819.09
UDLGCAR 858,2022-10-21,BILTONG AND BRAAI,13046.15
GKQQXJR 550,2022-10-22,THE SUNROOM,2711.04
RAYQLJW 475,2022-10-22,WOOLWORTHS,842.01
AXLVCOE 763,2022-10-23,GOLDRUSH BINGO,2683.3
NSIUPHR 651,2022-10-23,PICK N PAY,1656.6
HSUWFZF 75,2022-10-23,BILTONG AND BRAAI,12281.11
HVRBLTI 309,2022-10-23,FOOD LOVERS MARKET,942.64
HSUWFZF 75,2022-10-23,PICK N PAY,629.36
UDLGCAR 858,2022-10-24,MR PRICE SPORT,34992.92
UDLGCAR 858,2022-10-24,BILTONG AND BRAAI,24720.47
GKQQXJR 550,2022-10-24,PICK N PAY,1298.92
NSIUPHR 651,2022-10-26,CHECKERS,1654.63
UDLGCAR 858,2022-10-27,BILTONG AND BRAAI,16186.86
UDLGCAR 858,2022-10-28,CHECKERS HYPER,27538.9
JUXDKJE 784,2022-10-28,PICK N PAY,946.06
RAYQLJW 475,2022-10-28,PICK N PAY,143.85
OHZPHNE 67,2022-10-28,BILTONG AND BRAAI,1877.0
OHZPHNE 67,2022-10-28,WOOLWORTHS,1001.96
HVRBLTI 309,2022-10-29,CHECKERS LIQUOR,22338.63
HSUWFZF 75,2022-10-30,THE SUNROOM,6689.69
HSUWFZF 75,2022-10-30,SORBET MAN,1643.1
UDLGCAR 858,2022-11-01,CHECKERS,24418.59
JUXDKJE 784,2022-11-01,WOOLWORTHS,965.24
OHZPHNE 67,2022-11-01,SPAR,1556.25
UDLGCAR 858,2022-11-02,WOOLWORTHS,88.7
UDLGCAR 858,2022-11-02,SUPERGA,6920.36
GKQQXJR 550,2022-11-02,CHECKERS,21058.16
UDLGCAR 858,2022-11-03,TIMBERLAND,2436.41
HSUWFZF 75,2022-11-03,EPOSSIVEL HAIR & BEAUTY SPA,3010.29
HVRBLTI 309,2022-11-04,CHECKERS HYPER,1377.98
RAYQLJW 475,2022-11-04,WOOLWORTHS,707.61
UDLGCAR 858,2022-11-04,PICK N PAY,33762.96
UDLGCAR 858,2022-11-05,WOOLWORTHS,2066.15
RAYQLJW 475,2022-11-05,BILTONG AND BRAAI,663.45
GKQQXJR 550,2022-11-05,CHECKERS,2225.66
HSUWFZF 75,2022-11-05,SPAR,3639.18
UDLGCAR 858,2022-11-06,SHOE CARE 3,2657.58
ZYVHLTG 995,2022-11-06,FOOD LOVERS MARKET,740.89
HVRBLTI 309,2022-11-06,BILTONG AND BRAAI,1283.98
UDLGCAR 858,2022-11-06,NIKE,30608.23
OHZPHNE 67,2022-11-06,CHECKERS HYPER,204.59
HSUWFZF 75,2022-11-07,SPAR,1465.94
ZYVHLTG 995,2022-11-07,LEVIS,14211.63
UDLGCAR 858,2022-11-07,FOOD LOVERS MARKET,495.38
UDLGCAR 858,2022-11-07,BAYWASH,786.52
AXLVCOE 763,2022-11-08,CHECKERS HYPER,1370.43
UDLGCAR 858,2022-11-08,PUMA,30369.3
UDLGCAR 858,2022-11-08,FOOD LOVERS MARKET,1926.51
UDLGCAR 858,2022-11-08,BILTONG AND BRAAI,177.2
UDLGCAR 858,2022-11-09,DUFY,2637.8
RAYQLJW 475,2022-11-10,FOOD LOVERS MARKET,2204.8
OHZPHNE 67,2022-11-10,CHECKERS,487.2
UDLGCAR 858,2022-11-10,PUMA,9218.92
UDLGCAR 858,2022-11-10,CHECKERS,24500.57
UDLGCAR 858,2022-11-11,PREVIEW,2654.08
HVRBLTI 309,2022-11-11,ISTORE,10747.43
ZYVHLTG 995,2022-11-11,CHECKERS HYPER,486.6
UDLGCAR 858,2022-11-12,WOOLWORTHS,16964.35
UDLGCAR 858,2022-11-12,HELLY HANSEN,37522.45
NSIUPHR 651,2022-11-12,COLUMBIA,912.46
GKQQXJR 550,2022-11-13,CROSSOVER,5898.0
JUXDKJE 784,2022-11-13,WOOLWORTHS,242.21
UDLGCAR 858,2022-11-14,TOTALSPORTS,4874.98
ZYVHLTG 995,2022-11-14,BILTONG AND BRAAI,2603.65
RAYQLJW 475,2022-11-15,SPAR,79.41
UDLGCAR 858,2022-11-15,REEBOK,40575.51
ZYVHLTG 995,2022-11-15,LA-VE JEWELLERY,3815.12
HSUWFZF 75,2022-11-15,BILTONG AND BRAAI,5162.78
UDLGCAR 858,2022-11-15,FOOD LOVERS MARKET,29053.44
ZYVHLTG 995,2022-11-15,TED BAKER,3801.9
OHZPHNE 67,2022-11-15,BILTONG AND BRAAI,1323.98
GKQQXJR 550,2022-11-16,ARMANI EXCHANGE,3399.82
HVRBLTI 309,2022-11-16,FOOD LOVERS MARKET,1389.86
UDLGCAR 858,2022-11-16,MUSLIM PRAYER ROOM,2539.34
UDLGCAR 858,2022-11-18,CHINA VISA APPLICATION,3302.9
HVRBLTI 309,2022-11-18,PICK N PAY,1425.26
AXLVCOE 763,2022-11-18,CHECKERS,1789.3
RAYQLJW 475,2022-11-19,BILTONG AND BRAAI,1162.79
UDLGCAR 858,2022-11-19,WOOLWORTHS,1111.6
ZYVHLTG 995,2022-11-19,LOUIS VUITTON,12458.43
NSIUPHR 651,2022-11-19,CHECKERS HYPER,2005.39
AXLVCOE 763,2022-11-19,BARGAIN BOOKS,2534.29
GKQQXJR 550,2022-11-19,SPAR,12729.53
ZYVHLTG 995,2022-11-20,FOOD LOVERS MARKET,1234.83
ZYVHLTG 995,2022-11-20,SPAR,1179.05
JUXDKJE 784,2022-11-20,WOOLWORTHS,538.93
ZYVHLTG 995,2022-11-20,MR PRICE,2370.93
AXLVCOE 763,2022-11-20,WOOLWORTHS,372.46
UDLGCAR 858,2022-11-20,CHECKERS,3078.21
HVRBLTI 309,2022-11-20,CHECKERS HYPER,1824.14
UDLGCAR 858,2022-11-21,HAVAIANAS,2291.12
GKQQXJR 550,2022-11-21,BILTONG AND BRAAI,38.14
HSUWFZF 75,2022-11-21,BILTONG AND BRAAI,17510.01
HSUWFZF 75,2022-11-22,BILTONG AND BRAAI,5618.74
RAYQLJW 475,2022-11-23,FOOD LOVERS MARKET,472.83
ZYVHLTG 995,2022-11-23,G-STAR RAW,17348.26
JUXDKJE 784,2022-11-23,SPAR,352.24
UDLGCAR 858,2022-11-23,CONVERSE,5830.11
ZYVHLTG 995,2022-11-23,DEMOCRATIC REPUBLIC,4550.25
ZYVHLTG 995,2022-11-23,FOOD LOVERS MARKET,300.13
NSIUPHR 651,2022-11-23,CHECKERS HYPER,186.6
HVRBLTI 309,2022-11-23,CHECKERS HYPER,2510.52
ZYVHLTG 995,2022-11-23,TED BAKER,30117.61
UDLGCAR 858,2022-11-24,FOOD LOVERS MARKET,1418.95
ZYVHLTG 995,2022-11-24,WOOLWORTHS,1106.71
UDLGCAR 858,2022-11-24,POSTNET,1097.47
NSIUPHR 651,2022-11-24,BILTONG AND BRAAI,505.05
JUXDKJE 784,2022-11-25,BILTONG AND BRAAI,871.04
UDLGCAR 858,2022-11-25,FOOD LOVERS MARKET,807.98
HVRBLTI 309,2022-11-25,SPAR,2160.66
ZYVHLTG 995,2022-11-25,ARMANI EMPORIUM,31570.24
UDLGCAR 858,2022-11-26,BAYWASH,3070.39
ZYVHLTG 995,2022-11-26,DESCH,17528.07
JUXDKJE 784,2022-11-26,CHECKERS HYPER,3860.53
ZYVHLTG 995,2022-11-27,EDGARS,3622.22
JUXDKJE 784,2022-11-27,SPAR,2288.06
UDLGCAR 858,2022-11-27,CELLC,4376.99
OHZPHNE 67,2022-11-28,BILTONG AND BRAAI,982.81
UDLGCAR 858,2022-11-28,BOARDRIDERS,2375.68
GKQQXJR 550,2022-11-29,BILTONG AND BRAAI,349.75
NSIUPHR 651,2022-12-01,PICK N PAY,612.11
GKQQXJR 550,2022-12-01,SPAR,317.32
OHZPHNE 67,2022-12-02,CHECKERS,2438.27
UDLGCAR 858,2022-12-02,CELLC,2784.44
GKQQXJR 550,2022-12-02,LEVINGERS,555.41
UDLGCAR 858,2022-12-02,MR PRICE SPORT,11046.39
GKQQXJR 550,2022-12-02,SPAR,10212.54
GKQQXJR 550,2022-12-03,VERSACE,10440.42
HSUWFZF 75,2022-12-04,SANDTON HAIR,6515.98
ZYVHLTG 995,2022-12-04,WOOLWORTHS,1287.53
HVRBLTI 309,2022-12-04,BILTONG AND BRAAI,714.17
GKQQXJR 550,2022-12-04,HYDRAULICS,16541.92
HVRBLTI 309,2022-12-05,CHECKERS,369.73
RAYQLJW 475,2022-12-05,WOOLWORTHS,2132.67
UDLGCAR 858,2022-12-05,FOOD LOVERS MARKET,6829.0
AXLVCOE 763,2022-12-05,WOOLWORTHS,1993.43
UDLGCAR 858,2022-12-06,SPORTSCENE,64435.85
UDLGCAR 858,2022-12-06,TIGER WHEEL & TYRE,3823.43
UDLGCAR 858,2022-12-06,DECATHLON,3647.38
UDLGCAR 858,2022-12-06,ADIDAS,3611.75
OHZPHNE 67,2022-12-06,FOOD LOVERS MARKET,674.02
OHZPHNE 67,2022-12-06,BILTONG AND BRAAI,2915.74
UDLGCAR 858,2022-12-06,OUTDOOR WAREHOUSE,10957.93
JUXDKJE 784,2022-12-07,BILTONG AND BRAAI,1703.49
RAYQLJW 475,2022-12-07,SPAR,2042.72
OHZPHNE 67,2022-12-07,BILTONG AND BRAAI,2211.84
HVRBLTI 309,2022-12-08,FOOD LOVERS MARKET,3087.73
NSIUPHR 651,2022-12-08,SPAR,2547.22
ZYVHLTG 995,2022-12-08,G-STAR RAW,25219.09
ZYVHLTG 995,2022-12-08,PICK N PAY,158.36
OHZPHNE 67,2022-12-08,BILTONG AND BRAAI,150.13
GKQQXJR 550,2022-12-08,CHECKERS HYPER,1096.6
NSIUPHR 651,2022-12-09,SPAR,3528.25
RAYQLJW 475,2022-12-09,FOOD LOVERS MARKET,2767.72
NSIUPHR 651,2022-12-09,CHECKERS,384.0
HSUWFZF 75,2022-12-10,OSMANS OPTICAL,1724.25
GKQQXJR 550,2022-12-11,CHECKERS HYPER,20304.59
AXLVCOE 763,2022-12-11,BIDVEST WALTONS,10133.62
GKQQXJR 550,2022-12-11,BILTONG AND BRAAI,22899.22
NSIUPHR 651,2022-12-12,FOOD LOVERS MARKET,2945.79
GKQQXJR 550,2022-12-12,DESTINATIONS,14503.56
AXLVCOE 763,2022-12-13,BAKGAT BILTONG,6716.25
ZYVHLTG 995,2022-12-13,DESTINATIONS,10393.43
GKQQXJR 550,2022-12-14,MARKHAM,7766.11
UDLGCAR 858,2022-12-14,WOOLWORTHS,6082.81
NSIUPHR 651,2022-12-14,BILTONG AND BRAAI,2135.61
HVRBLTI 309,2022-12-15,CHECKERS HYPER,855.2
ZYVHLTG 995,2022-12-15,PUMA,8533.55
UDLGCAR 858,2022-12-15,CHECKERS,1693.1
HSUWFZF 75,2022-12-15,PICK N PAY,37.73
HVRBLTI 309,2022-12-16,VODACOM SHOP,7499.74
HVRBLTI 309,2022-12-17,VODACOM SHOP,8739.18
GKQQXJR 550,2022-12-17,LA-VE JEWELLERY,9086.21
UDLGCAR 858,2022-12-17,CHECKERS,38385.62
HVRBLTI 309,2022-12-18,HUAWEI,7868.96
HVRBLTI 309,2022-12-18,VODACOM 4U,4283.57
HVRBLTI 309,2022-12-19,VODACOM SHOP,9482.96
GKQQXJR 550,2022-12-19,ILANGA LE MVELO TRADING AND INVESTMENT,1004.68
GKQQXJR 550,2022-12-19,TELKOM,6112.77
GKQQXJR 550,2022-12-20,UNIQBROWS,3572.49
HVRBLTI 309,2022-12-20,THE REAL REPAIR CO,10306.13
GKQQXJR 550,2022-12-20,WOOLWORTHS,38946.58
ZYVHLTG 995,2022-12-20,CHECKERS,2121.11
NSIUPHR 651,2022-12-20,CHECKERS HYPER,344.14
OHZPHNE 67,2022-12-20,CHECKERS HYPER,1070.92
RAYQLJW 475,2022-12-20,WOOLWORTHS,800.89
UDLGCAR 858,2022-12-20,SPAR,11418.64
GKQQXJR 550,2022-12-20,STORAGE GENIE,777.58
NSIUPHR 651,2022-12-22,BOARDRIDERS,12594.81
UDLGCAR 858,2022-12-23,SKECHERS,1628.64
ZYVHLTG 995,2022-12-24,HYDRAULICS,21312.82
GKQQXJR 550,2022-12-24,MANGO,3681.55
HVRBLTI 309,2022-12-24,FOOD LOVERS MARKET,1409.04
NSIUPHR 651,2022-12-24,CHECKERS HYPER,656.15
GKQQXJR 550,2022-12-24,SHOE CARE 3,1403.1
RAYQLJW 475,2022-12-24,SPAR,1820.51
GKQQXJR 550,2022-12-25,CHECKERS,499.43
HSUWFZF 75,2022-12-26,CHECKERS,1532.32
GKQQXJR 550,2022-12-26,SPAR,427.34
ZYVHLTG 995,2022-12-28,JIMMY CHOO,30743.64
UDLGCAR 858,2022-12-28,PICK N PAY,5603.2
RAYQLJW 475,2022-12-28,SPAR,288.36
GKQQXJR 550,2022-12-28,PLUSH CAR WASH,2942.0
JUXDKJE 784,2022-12-28,CHECKERS,1675.41
UDLGCAR 858,2022-12-28,BILTONG AND BRAAI,3199.37
HVRBLTI 309,2022-12-29,HUAWEI,13014.55
OHZPHNE 67,2022-12-30,SPAR,1456.19
ZYVHLTG 995,2022-12-30,WOOLWORTHS,1156.42
UDLGCAR 858,2022-12-30,PUMA,26073.25
GKQQXJR 550,2022-12-30,CELLC,889.0
UDLGCAR 858,2022-12-30,CHECKERS,5343.98
ZYVHLTG 995,2022-12-31,FOOD LOVERS MARKET,1660.87
RAYQLJW 475,2023-01-02,CHECKERS,1926.66
OHZPHNE 67,2023-01-02,PICK N PAY,498.99
GKQQXJR 550,2023-01-02,BILTONG AND BRAAI,52.9
ZYVHLTG 995,2023-01-02,PICK N PAY,1824.91
HSUWFZF 75,2023-01-02,WOOLWORTHS,4415.95
HSUWFZF 75,2023-01-02,HUGO BOSS RED,1093.56
OHZPHNE 67,2023-01-02,CHECKERS,30.8
AXLVCOE 763,2023-01-02,BAG SQUARE,1913.78
UDLGCAR 858,2023-01-03,SEALAND GEAR,52185.56
ZYVHLTG 995,2023-01-03,BILTONG AND BRAAI,109.5
AXLVCOE 763,2023-01-03,CAMERALAND,6608.95
NSIUPHR 651,2023-01-04,HELLY HANSEN,20339.66
HSUWFZF 75,2023-01-04,WOOLWORTHS,409.85
AXLVCOE 763,2023-01-04,JJ CALE,555.34
UDLGCAR 858,2023-01-05,CELLC,2811.69
NSIUPHR 651,2023-01-05,CROSS TRAINER,14674.72
ZYVHLTG 995,2023-01-05,DORÉ,10547.13
GKQQXJR 550,2023-01-05,BILTONG AND BRAAI,13388.68
GKQQXJR 550,2023-01-05,BAYWASH,7031.32
AXLVCOE 763,2023-01-07,MARKET KOKORO (POP UP),2139.93
UDLGCAR 858,2023-01-07,OLD KHAKI,52676.52
GKQQXJR 550,2023-01-07,JET,27651.82
UDLGCAR 858,2023-01-07,REMAX,963.44
GKQQXJR 550,2023-01-08,DUFY,790.64
UDLGCAR 858,2023-01-08,CHECKERS HYPER,11011.13
HSUWFZF 75,2023-01-08,LEVINGERS,2403.5
NSIUPHR 651,2023-01-08,COLUMBIA,17906.01
RAYQLJW 475,2023-01-08,SPAR,101.5
JUXDKJE 784,2023-01-08,FOOD LOVERS MARKET,333.58
UDLGCAR 858,2023-01-08,BILTONG AND BRAAI,2559.4
GKQQXJR 550,2023-01-09,SPAR,485.02
HVRBLTI 309,2023-01-09,MTN,2008.73
UDLGCAR 858,2023-01-09,SEAFOLLY,9486.87
AXLVCOE 763,2023-01-10,SIMPLY SCHOOL,5618.14
OHZPHNE 67,2023-01-10,SPAR,40.64
OHZPHNE 67,2023-01-10,WOOLWORTHS,28.89
HSUWFZF 75,2023-01-11,CLICKS PHARMACY & CLINIC,2144.66
UDLGCAR 858,2023-01-11,SEALAND GEAR,50666.03
ZYVHLTG 995,2023-01-12,BILTONG AND BRAAI,670.61
HSUWFZF 75,2023-01-12,CHECKERS,16442.41
HSUWFZF 75,2023-01-12,CHECKERS HYPER,412.98
AXLVCOE 763,2023-01-13,GORIMAS,9015.41
OHZPHNE 67,2023-01-13,PICK N PAY,1206.57
RAYQLJW 475,2023-01-14,FOOD LOVERS MARKET,1066.61
AXLVCOE 763,2023-01-14,SIMPLY SCHOOL,716.37
UDLGCAR 858,2023-01-15,DECATHLON,7623.31
NSIUPHR 651,2023-01-15,OLD KHAKI,18269.46
OHZPHNE 67,2023-01-16,BILTONG AND BRAAI,1689.74
HSUWFZF 75,2023-01-16,TRESOR RARE,5983.21
GKQQXJR 550,2023-01-17,MUSLIM PRAYER ROOM,8132.72
AXLVCOE 763,2023-01-19,ABSOLUTELY WATER,5797.87
UDLGCAR 858,2023-01-19,PICK N PAY,826.43
HSUWFZF 75,2023-01-19,CHECKERS HYPER,1536.12
ZYVHLTG 995,2023-01-20,BILTONG AND BRAAI,937.06
ZYVHLTG 995,2023-01-20,WOOLWORTHS,569.22
NSIUPHR 651,2023-01-20,COLUMBIA,31199.05
GKQQXJR 550,2023-01-20,WOOLWORTHS,197.85
GKQQXJR 550,2023-01-20,CHECKERS,264.64
UDLGCAR 858,2023-01-20,SEAFOLLY,40127.64
GKQQXJR 550,2023-01-21,WOOLWORTHS,2166.4
UDLGCAR 858,2023-01-21,REPAIR TECH,4227.38
NSIUPHR 651,2023-01-21,CROSS TRAINER,2182.91
HSUWFZF 75,2023-01-21,CLICKS,5413.52
GKQQXJR 550,2023-01-24,BILTONG AND BRAAI,181.57
JUXDKJE 784,2023-01-24,PICK N PAY,708.64
UDLGCAR 858,2023-01-24,ADIDAS,6762.17
ZYVHLTG 995,2023-01-24,BALMAIN,24267.8
UDLGCAR 858,2023-01-26,MTN,3373.41
HSUWFZF 75,2023-01-26,THE SUNROOM,1228.8
OHZPHNE 67,2023-01-26,SPAR,3636.97
OHZPHNE 67,2023-01-26,BILTONG AND BRAAI,1641.2
UDLGCAR 858,2023-01-27,TOTALSPORTS,7161.49
UDLGCAR 858,2023-01-27,CHECKERS HYPER,2900.27
NSIUPHR 651,2023-01-27,OUTDOOR WAREHOUSE,50285.98
HSUWFZF 75,2023-01-27,PICK N PAY,1514.21
UDLGCAR 858,2023-01-27,OLD KHAKI,19478.9
UDLGCAR 858,2023-01-28,ALDO,1898.93
UDLGCAR 858,2023-01-28,SUPERGA,4268.86
GKQQXJR 550,2023-01-28,CHECKERS HYPER,2636.5
ZYVHLTG 995,2023-01-28,PICK N PAY,1508.68
UDLGCAR 858,2023-01-29,SPITZ,2286.11
HVRBLTI 309,2023-01-29,VODACOM 4U,2254.2
HSUWFZF 75,2023-01-29,TORGA OPTICAL,267.33
GKQQXJR 550,2023-01-29,CHECKERS HYPER,1899.65
NSIUPHR 651,2023-01-29,OLD KHAKI,29946.41
HSUWFZF 75,2023-01-30,FOOD LOVERS MARKET,122.98
UDLGCAR 858,2023-01-30,JIMMY CHOO,1493.68
UDLGCAR 858,2023-01-30,TIMBERLAND,6204.62
HSUWFZF 75,2023-01-30,MEDIRITE PHARMACY,8895.97
HSUWFZF 75,2023-02-01,AVENUE EXCHANGE,231.71
UDLGCAR 858,2023-02-01,SPITZ,1390.04
GKQQXJR 550,2023-02-01,CHECKERS HYPER,2077.2
ZYVHLTG 995,2023-02-01,CHECKERS HYPER,1433.46
RAYQLJW 475,2023-02-01,BILTONG AND BRAAI,483.62
HSUWFZF 75,2023-02-02,BILTONG AND BRAAI,12284.09
GKQQXJR 550,2023-02-02,PICK N PAY,12869.55
HSUWFZF 75,2023-02-02,SPAR,559.18
UDLGCAR 858,2023-02-02,MUSLIM PRAYER ROOM,1356.28
HVRBLTI 309,2023-02-03,TOPS,10117.39
GKQQXJR 550,2023-02-03,SPAR,1393.42
GKQQXJR 550,2023-02-03,PICK N PAY,1474.78
GKQQXJR 550,2023-02-03,SPAR,20225.32
NSIUPHR 651,2023-02-03,WOOLWORTHS,520.57
HSUWFZF 75,2023-02-03,FOOD LOVERS MARKET,4734.93
UDLGCAR 858,2023-02-04,FRANS TAILOR,1930.48
GKQQXJR 550,2023-02-04,CHECKERS HYPER,18374.53
HSUWFZF 75,2023-02-04,PICK N PAY,476.28
ZYVHLTG 995,2023-02-04,SISSY BOY,15253.64
ZYVHLTG 995,2023-02-04,DUSUD EMPORIUM,7577.43
GKQQXJR 550,2023-02-05,NICCI,23948.29
HVRBLTI 309,2023-02-05,WOOLWORTHS,445.21
UDLGCAR 858,2023-02-05,FOOD LOVERS MARKET,3436.95
OHZPHNE 67,2023-02-05,CHECKERS,3970.9
HSUWFZF 75,2023-02-06,SOHO NAIL BOUTIQUE,5705.72
UDLGCAR 858,2023-02-07,WOOLWORTHS,1314.74
HSUWFZF 75,2023-02-07,SPAR,15412.2
NSIUPHR 651,2023-02-07,CHECKERS HYPER,157.34
GKQQXJR 550,2023-02-09,CHECKERS,2559.68
NSIUPHR 651,2023-02-09,CHECKERS HYPER,4447.48
ZYVHLTG 995,2023-02-09,YAWA (POP UP),15598.88
OHZPHNE 67,2023-02-09,CHECKERS,3217.46
RAYQLJW 475,2023-02-09,PICK N PAY,648.2
ZYVHLTG 995,2023-02-09,COUNTRY ROAD,8486.27
GKQQXJR 550,2023-02-10,BILTONG AND BRAAI,1696.84
HVRBLTI 309,2023-02-10,PNP LIQUER,1494.98
HVRBLTI 309,2023-02-10,CHECKERS LIQUOR,20675.55
HSUWFZF 75,2023-02-10,CHECKERS,5462.67
UDLGCAR 858,2023-02-10,SPAR,1310.46
ZYVHLTG 995,2023-02-10,FOOD LOVERS MARKET,1080.55
ZYVHLTG 995,2023-02-10,NIKE,1003.65
HSUWFZF 75,2023-02-10,BILTONG AND BRAAI,1300.96
NSIUPHR 651,2023-02-11,WOOLWORTHS,198.78
UDLGCAR 858,2023-02-12,SHESHA,3856.73
HSUWFZF 75,2023-02-12,THE SUNROOM,416.98
ZYVHLTG 995,2023-02-12,DOLCE & GABBANA,3229.92
HSUWFZF 75,2023-02-12,TRESOR RARE,5760.64
ZYVHLTG 995,2023-02-12,FOOD LOVERS MARKET,385.24
ZYVHLTG 995,2023-02-13,PICK N PAY,2212.35
ZYVHLTG 995,2023-02-13,BOGART MAN,19588.17
OHZPHNE 67,2023-02-13,FOOD LOVERS MARKET,444.53
AXLVCOE 763,2023-02-13,WOOLWORTHS,2402.21
ZYVHLTG 995,2023-02-13,POLO,25773.76
GKQQXJR 550,2023-02-14,WOOLWORTHS,3065.93
RAYQLJW 475,2023-02-14,WOOLWORTHS,1048.17
HVRBLTI 309,2023-02-14,BILTONG AND BRAAI,599.06
NSIUPHR 651,2023-02-14,CHECKERS,2766.65
AXLVCOE 763,2023-02-14,SPAR,1840.49
NSIUPHR 651,2023-02-14,PICK N PAY,541.45
UDLGCAR 858,2023-02-14,CHECKERS,242.14
GKQQXJR 550,2023-02-15,CHECKERS HYPER,1658.44
RAYQLJW 475,2023-02-15,FOOD LOVERS MARKET,376.03
UDLGCAR 858,2023-02-15,TODS,5684.32
ZYVHLTG 995,2023-02-15,GIOVANE GENTILE,31797.12
UDLGCAR 858,2023-02-15,BILTONG AND BRAAI,66.27
AXLVCOE 763,2023-02-17,NESPRESSO,3448.11
UDLGCAR 858,2023-02-17,POSTNET,3411.41
HSUWFZF 75,2023-02-17,BILTONG AND BRAAI,1845.51
AXLVCOE 763,2023-02-18,CARTRIDGE DEPOT,2395.48
GKQQXJR 550,2023-02-18,SPAR,10913.58
HVRBLTI 309,2023-02-18,SPAR,2566.44
UDLGCAR 858,2023-02-19,SHOE CARE 3,975.06
UDLGCAR 858,2023-02-19,COLE HAAN,3294.77
ZYVHLTG 995,2023-02-19,WOOLWORTHS,558.32
GKQQXJR 550,2023-02-19,AFRICA RISE,670.37
HSUWFZF 75,2023-02-19,LEVINGERS,6235.76
ZYVHLTG 995,2023-02-19,SPAR,2109.89
ZYVHLTG 995,2023-02-19,LE COQ SPORTIF,8616.32
GKQQXJR 550,2023-02-19,CHRISTIAN DIOR,3990.14
UDLGCAR 858,2023-02-20,CHECKERS HYPER,16593.79
HSUWFZF 75,2023-02-20,KRYOLAN,8200.76
GKQQXJR 550,2023-02-20,CHECKERS HYPER,2177.74
ZYVHLTG 995,2023-02-20,DUFY,3991.32
RAYQLJW 475,2023-02-20,PICK N PAY,1605.5
HSUWFZF 75,2023-02-20,EPOSSIVEL HAIR & BEAUTY SPA,3996.23
GKQQXJR 550,2023-02-20,HYDRAULICS AVANT GARDE,17040.19
ZYVHLTG 995,2023-02-21,WOOLWORTHS,3799.35
RAYQLJW 475,2023-02-21,FOOD LOVERS MARKET,170.34
GKQQXJR 550,2023-02-21,VERSACE,14030.37
HVRBLTI 309,2023-02-22,CHECKERS,591.6
NSIUPHR 651,2023-02-22,BILTONG AND BRAAI,123.3
AXLVCOE 763,2023-02-22,CHECKERS HYPER,165.01
ZYVHLTG 995,2023-02-22,TODS,5749.2
HSUWFZF 75,2023-02-23,MAC,577.47
NSIUPHR 651,2023-02-23,CHECKERS HYPER,2097.6
ZYVHLTG 995,2023-02-23,MARKHAM,9689.91
GKQQXJR 550,2023-02-23,PICK N PAY,4270.59
HSUWFZF 75,2023-02-23,SPAR,26955.28
GKQQXJR 550,2023-02-24,TAGGS,8692.87
HVRBLTI 309,2023-02-24,SAMSUNG,8550.18
GKQQXJR 550,2023-02-24,BILTONG AND BRAAI,3379.92
HSUWFZF 75,2023-02-24,CHECKERS HYPER,1174.72
AXLVCOE 763,2023-02-24,CHECKERS HYPER,2089.78
HSUWFZF 75,2023-02-24,CHECKERS HYPER,19551.06
HSUWFZF 75,2023-02-24,CHECKERS,7136.64
HSUWFZF 75,2023-02-25,BILTONG AND BRAAI,558.38
UDLGCAR 858,2023-02-25,CHECKERS HYPER,12958.18
HSUWFZF 75,2023-02-26,PICK N PAY,1461.42
RAYQLJW 475,2023-02-26,BILTONG AND BRAAI,2881.62
UDLGCAR 858,2023-02-27,SPAR,10131.29
ZYVHLTG 995,2023-02-27,KARL LAGERFELD,17255.62
UDLGCAR 858,2023-03-01,CROSS TRAINER,48661.02
HSUWFZF 75,2023-03-02,BILTONG AND BRAAI,2874.83
AXLVCOE 763,2023-03-02,SPAR,1489.45
UDLGCAR 858,2023-03-02,CHECKERS HYPER,18681.52
UDLGCAR 858,2023-03-02,CHECKERS,498.96
HSUWFZF 75,2023-03-02,CHECKERS HYPER,19108.17
GKQQXJR 550,2023-03-02,SPAR,27430.96
UDLGCAR 858,2023-03-03,POSTNET,1964.68
NSIUPHR 651,2023-03-03,BILTONG AND BRAAI,477.0
ZYVHLTG 995,2023-03-03,DEMOCRATIC REPUBLIC,21409.78
GKQQXJR 550,2023-03-03,FRANS TAILOR,1951.37
HSUWFZF 75,2023-03-03,BILTONG AND BRAAI,16361.0
AXLVCOE 763,2023-03-04,JJ CALE,5608.36
ZYVHLTG 995,2023-03-04,PICK N PAY CLOTHING,13599.0
RAYQLJW 475,2023-03-04,CHECKERS HYPER,69.95
AXLVCOE 763,2023-03-06,BAG SQUARE,4675.05
UDLGCAR 858,2023-03-06,OFFICE LONDON,1569.78
RAYQLJW 475,2023-03-06,BILTONG AND BRAAI,92.45
JUXDKJE 784,2023-03-06,CHECKERS HYPER,2100.64
ZYVHLTG 995,2023-03-07,BILTONG AND BRAAI,610.12
UDLGCAR 858,2023-03-07,PLUSH CAR WASH,897.54
HSUWFZF 75,2023-03-07,EPOSSIVEL HAIR & BEAUTY SPA,168.59
NSIUPHR 651,2023-03-07,WOOLWORTHS,1354.54
ZYVHLTG 995,2023-03-08,J CREW,1260.55
GKQQXJR 550,2023-03-08,DORÉ,5937.49
UDLGCAR 858,2023-03-10,WOOLWORTHS,10072.63
GKQQXJR 550,2023-03-10,PICK N PAY,4837.97
HSUWFZF 75,2023-03-10,CHECKERS HYPER,1098.91
AXLVCOE 763,2023-03-11,FOOD LOVERS MARKET,1864.84
UDLGCAR 858,2023-03-11,JIMMY CHOO,6734.16
GKQQXJR 550,2023-03-11,WOOLWORTHS,27038.22
UDLGCAR 858,2023-03-11,OUTDOOR WAREHOUSE,24560.87
GKQQXJR 550,2023-03-11,FOOD LOVERS MARKET,4869.0
UDLGCAR 858,2023-03-12,WOOLWORTHS,8878.23
ZYVHLTG 995,2023-03-12,IDENTITY,18542.07
HSUWFZF 75,2023-03-12,BILTONG AND BRAAI,2234.06
AXLVCOE 763,2023-03-13,WOOLWORTHS,1066.3
UDLGCAR 858,2023-03-13,LEVINGERS,1175.16
OHZPHNE 67,2023-03-13,FOOD LOVERS MARKET,572.72
ZYVHLTG 995,2023-03-13,PICK N PAY CLOTHING,10757.34
UDLGCAR 858,2023-03-13,BILTONG AND BRAAI,26476.85
NSIUPHR 651,2023-03-13,NBA,13888.32
HSUWFZF 75,2023-03-13,JAMALS MOROCCAN BARBER,3983.15
HVRBLTI 309,2023-03-13,CHECKERS,957.82
HVRBLTI 309,2023-03-14,VODACOM SHOP,16831.75
RAYQLJW 475,2023-03-14,BILTONG AND BRAAI,1326.24
HVRBLTI 309,2023-03-15,SAMSUNG,3055.14
ZYVHLTG 995,2023-03-15,CHECKERS HYPER,458.38
UDLGCAR 858,2023-03-16,GX & CO,4417.48
ZYVHLTG 995,2023-03-16,CHECKERS HYPER,542.75
ZYVHLTG 995,2023-03-17,PICK N PAY,679.36
NSIUPHR 651,2023-03-17,WOOLWORTHS,248.33
NSIUPHR 651,2023-03-17,SPAR,245.06
GKQQXJR 550,2023-03-17,SISSY BOY,3255.74
GKQQXJR 550,2023-03-17,WOOLWORTHS,20999.5
GKQQXJR 550,2023-03-17,CHECKERS HYPER,1754.42
GKQQXJR 550,2023-03-17,CHECKERS HYPER,1290.38
NSIUPHR 651,2023-03-18,SPAR,3198.85
UDLGCAR 858,2023-03-18,NIKE,33423.55
HSUWFZF 75,2023-03-19,BILTONG AND BRAAI,20390.83
GKQQXJR 550,2023-03-19,REPAIR TECH,2124.61
ZYVHLTG 995,2023-03-20,DESTINATIONS,19429.19
UDLGCAR 858,2023-03-20,BAYWASH,958.58
JUXDKJE 784,2023-03-20,CHECKERS,1706.86
ZYVHLTG 995,2023-03-21,MARKHAM,12060.99
ZYVHLTG 995,2023-03-21,YDE,2410.61
UDLGCAR 858,2023-03-22,MOVE ON,1030.39
RAYQLJW 475,2023-03-22,CHECKERS HYPER,1448.95
UDLGCAR 858,2023-03-22,BOARDRIDERS,67346.68
GKQQXJR 550,2023-03-22,WOOLWORTHS,3549.84
ZYVHLTG 995,2023-03-22,TAGGS,788.32
HSUWFZF 75,2023-03-22,EPOSSIVEL HAIR & BEAUTY SPA,1596.76
NSIUPHR 651,2023-03-23,BATHU,35380.39
HVRBLTI 309,2023-03-23,BILTONG AND BRAAI,726.65
ZYVHLTG 995,2023-03-23,COUNTRY ROAD,5799.12
AXLVCOE 763,2023-03-24,CHECKERS,326.7
JUXDKJE 784,2023-03-24,CHECKERS,961.79
GKQQXJR 550,2023-03-24,DUFY,24709.45
NSIUPHR 651,2023-03-24,PICK N PAY,764.52
ZYVHLTG 995,2023-03-25,FACTORIE,1094.87
AXLVCOE 763,2023-03-25,CHECKERS,2340.9
UDLGCAR 858,2023-03-25,ADIDAS,42161.97
GKQQXJR 550,2023-03-26,BILTONG AND BRAAI,17829.28
UDLGCAR 858,2023-03-26,CROSS TRAINER,27029.18
UDLGCAR 858,2023-03-26,CHECKERS,5769.63
AXLVCOE 763,2023-03-26,BILTONG AND BRAAI,325.7
HSUWFZF 75,2023-03-27,PICK N PAY,26877.85
GKQQXJR 550,2023-03-27,VODACOM REPAIR STORE,4620.78
GKQQXJR 550,2023-03-27,REPAIR TECH,4623.59
RAYQLJW 475,2023-03-27,FOOD LOVERS MARKET,180.37
HVRBLTI 309,2023-03-27,PICK N PAY,96.32
NSIUPHR 651,2023-03-28,CHECKERS,1616.03
UDLGCAR 858,2023-03-28,SPAR,3235.53
UDLGCAR 858,2023-03-28,HAVAIANAS,2506.35
UDLGCAR 858,2023-03-28,REPAIR TECH,9306.63
GKQQXJR 550,2023-03-29,BILTONG AND BRAAI,2616.01
ZYVHLTG 995,2023-03-29,WOOLWORTHS,560.0
ZYVHLTG 995,2023-03-29,BOGART MAN,30151.28
ZYVHLTG 995,2023-03-29,HOUSE OF NALA,11937.79
UDLGCAR 858,2023-03-30,VODACOM REPAIR STORE,539.63
GKQQXJR 550,2023-03-30,SPAR,441.83
HVRBLTI 309,2023-03-30,CELL C,13303.37
NSIUPHR 651,2023-03-30,WOOLWORTHS,1284.1
ZYVHLTG 995,2023-03-30,DOLCE & GABBANA,16646.02
AXLVCOE 763,2023-04-01,CHECKERS HYPER,1110.67
GKQQXJR 550,2023-04-01,TAGGS,20222.3
RAYQLJW 475,2023-04-01,FOOD LOVERS MARKET,422.84
HSUWFZF 75,2023-04-02,SPAR,1315.0
NSIUPHR 651,2023-04-03,MR PRICE SPORT,10925.17
UDLGCAR 858,2023-04-03,CHECKERS HYPER,76.8
HSUWFZF 75,2023-04-04,FOOD LOVERS MARKET,503.03
HSUWFZF 75,2023-04-04,IV BAR,2400.12
GKQQXJR 550,2023-04-04,ALPHA INDUSTRIES,7003.82
ZYVHLTG 995,2023-04-05,GUCCI,1611.35
UDLGCAR 858,2023-04-05,COLUMBIA,68821.73
ZYVHLTG 995,2023-04-05,SPAR,152.36
HVRBLTI 309,2023-04-05,MTN DIRECT (NEXT TO CHECKERS HYPER),9978.14
UDLGCAR 858,2023-04-06,PICK N PAY,406.37
AXLVCOE 763,2023-04-06,ABSOLUTELY WATER,2361.47
HSUWFZF 75,2023-04-06,NARS,2525.83
HVRBLTI 309,2023-04-06,APPTO LIQUOR,6980.81
UDLGCAR 858,2023-04-07,CHECKERS HYPER,576.62
AXLVCOE 763,2023-04-08,WOOLWORTHS,242.18
UDLGCAR 858,2023-04-08,SALOMON,6069.47
OHZPHNE 67,2023-04-09,CHECKERS HYPER,441.95
HVRBLTI 309,2023-04-09,REPAIR TECH,2773.65
HVRBLTI 309,2023-04-09,LIQUOR CITY,6445.57
NSIUPHR 651,2023-04-09,BOARDRIDERS,43004.24
GKQQXJR 550,2023-04-10,JIMMY CHOO,35296.08
NSIUPHR 651,2023-04-10,BOARDRIDERS,11620.27
HSUWFZF 75,2023-04-10,PICK N PAY,28105.35
HVRBLTI 309,2023-04-10,ISTORE,5814.61
HSUWFZF 75,2023-04-10,SPAR,2747.19
OHZPHNE 67,2023-04-11,FOOD LOVERS MARKET,1532.08
AXLVCOE 763,2023-04-11,PICK N PAY,1417.06
NSIUPHR 651,2023-04-11,REEBOK,25685.89
GKQQXJR 550,2023-04-11,DORÉ,11818.66
GKQQXJR 550,2023-04-12,WOOLWORTHS,26640.67
GKQQXJR 550,2023-04-13,ADIDAS,8585.61
UDLGCAR 858,2023-04-13,FOOD LOVERS MARKET,1740.43
HSUWFZF 75,2023-04-13,FOOD LOVERS MARKET,2774.3
HSUWFZF 75,2023-04-14,NARS,852.58
ZYVHLTG 995,2023-04-14,FOOD LOVERS MARKET,2062.27
HVRBLTI 309,2023-04-14,SAMSUNG,10594.64
GKQQXJR 550,2023-04-15,EAGLE CLOTHING,23756.63
HSUWFZF 75,2023-04-15,SPAR,2370.1
UDLGCAR 858,2023-04-16,SPAR,771.26
UDLGCAR 858,2023-04-17,CHECKERS,444.47
HSUWFZF 75,2023-04-17,HUGO BOSS RED,3953.32
UDLGCAR 858,2023-04-17,FOOD LOVERS MARKET,3921.69
NSIUPHR 651,2023-04-17,PUMA,43265.07
HSUWFZF 75,2023-04-18,CHECKERS HYPER,2531.26
HSUWFZF 75,2023-04-18,BILTONG AND BRAAI,9448.73
UDLGCAR 858,2023-04-18,PREVIEW,363.21
ZYVHLTG 995,2023-04-18,WOOLWORTHS,493.45
UDLGCAR 858,2023-04-19,FOOD LOVERS MARKET,2924.56
OHZPHNE 67,2023-04-19,CHECKERS,1699.48
HVRBLTI 309,2023-04-19,ISTORE,13454.58
HSUWFZF 75,2023-04-19,BILTONG AND BRAAI,20138.88
HSUWFZF 75,2023-04-19,PICK N PAY,9551.33
GKQQXJR 550,2023-04-19,ARMANI EMPORIUM,15301.17
GKQQXJR 550,2023-04-20,CHECKERS HYPER,7170.65
UDLGCAR 858,2023-04-20,STORAGE GENIE,2992.96
AXLVCOE 763,2023-04-21,WOOLWORTHS,589.59
NSIUPHR 651,2023-04-21,ADIDAS,3452.46
ZYVHLTG 995,2023-04-21,BILTONG AND BRAAI,551.69
HSUWFZF 75,2023-04-22,CHECKERS HYPER,125.55
ZYVHLTG 995,2023-04-23,SPAR,1727.2
UDLGCAR 858,2023-04-24,CONVERSE,1427.3
OHZPHNE 67,2023-04-27,SPAR,1172.19
NSIUPHR 651,2023-04-27,ARCHIVE,3046.11
NSIUPHR 651,2023-04-28,DECATHLON,20738.74
RAYQLJW 475,2023-04-28,CHECKERS HYPER,1964.78
UDLGCAR 858,2023-04-28,MR PRICE SPORT,4003.55
UDLGCAR 858,2023-04-29,ADIDAS,23263.5
HSUWFZF 75,2023-04-29,SPAR,5063.74
GKQQXJR 550,2023-04-29,MARKHAM,19253.5
GKQQXJR 550,2023-05-01,LACOSTE,861.62
JUXDKJE 784,2023-05-01,FOOD LOVERS MARKET,1434.43
HVRBLTI 309,2023-05-02,HUAWEI,9030.21
ZYVHLTG 995,2023-05-02,DESIGUAL,20696.5
OHZPHNE 67,2023-05-02,CHECKERS HYPER,1456.58
UDLGCAR 858,2023-05-03,VANS,3690.28
GKQQXJR 550,2023-05-03,EAGLE CLOTHING,624.41
HSUWFZF 75,2023-05-03,CHECKERS HYPER,1539.47
GKQQXJR 550,2023-05-03,SPAR,337.71
NSIUPHR 651,2023-05-03,CHECKERS HYPER,1802.62
UDLGCAR 858,2023-05-03,BOARDRIDERS,42092.18
HSUWFZF 75,2023-05-04,WOOLWORTHS,667.07
HSUWFZF 75,2023-05-04,CHECKERS,277.52
UDLGCAR 858,2023-05-05,CROCS,7036.98
GKQQXJR 550,2023-05-05,AFRICA RISE,11774.64
OHZPHNE 67,2023-05-05,SPAR,671.29
UDLGCAR 858,2023-05-05,SPAR,1040.29
GKQQXJR 550,2023-05-06,DUFY,30083.85
GKQQXJR 550,2023-05-06,BILTONG AND BRAAI,1102.05
GKQQXJR 550,2023-05-07,DORÉ,29556.5
RAYQLJW 475,2023-05-07,SPAR,809.23
RAYQLJW 475,2023-05-07,SPAR,652.56
GKQQXJR 550,2023-05-07,PICK N PAY CLOTHING,23009.32
HSUWFZF 75,2023-05-08,PICK N PAY,1314.69
ZYVHLTG 995,2023-05-08,TRUWORTHS,2889.84
HSUWFZF 75,2023-05-09,SPAR,971.35
ZYVHLTG 995,2023-05-09,DEMOCRATIC REPUBLIC,2079.07
HVRBLTI 309,2023-05-10,XIAOMI,13614.71
NSIUPHR 651,2023-05-11,BILTONG AND BRAAI,182.69
ZYVHLTG 995,2023-05-11,BILTONG AND BRAAI,2849.91
AXLVCOE 763,2023-05-11,WOOLWORTHS,769.32
UDLGCAR 858,2023-05-13,CELLC,1519.35
UDLGCAR 858,2023-05-13,TIMBERLAND,2004.69
OHZPHNE 67,2023-05-13,FOOD LOVERS MARKET,676.68
GKQQXJR 550,2023-05-14,ACKERMANS CONNECT,3697.06
UDLGCAR 858,2023-05-14,TODS,5769.87
ZYVHLTG 995,2023-05-14,HUGO BOSS,17897.93
AXLVCOE 763,2023-05-14,PICK N PAY,2829.97
ZYVHLTG 995,2023-05-15,ACKERMANS WOMAN,20318.06
GKQQXJR 550,2023-05-15,CHECKERS HYPER,3954.5
RAYQLJW 475,2023-05-16,PICK N PAY,1590.28
UDLGCAR 858,2023-05-16,BILTONG AND BRAAI,1109.0
NSIUPHR 651,2023-05-16,CHECKERS,446.06
AXLVCOE 763,2023-05-16,CHECKERS HYPER,409.89
NSIUPHR 651,2023-05-16,CHECKERS,409.35
AXLVCOE 763,2023-05-16,VAPERITE,15094.68
HSUWFZF 75,2023-05-17,CHECKERS,20657.59
AXLVCOE 763,2023-05-18,BILTONG AND BRAAI,223.72
ZYVHLTG 995,2023-05-18,ADIDAS,14952.23
HVRBLTI 309,2023-05-18,MTN DIRECT (NEXT TO CHECKERS HYPER),8374.48
ZYVHLTG 995,2023-05-19,MANGO,9817.73
ZYVHLTG 995,2023-05-19,COUNTRY ROAD,5291.42
UDLGCAR 858,2023-05-19,COLE HAAN,3923.24
ZYVHLTG 995,2023-05-20,SPAR,598.77
GKQQXJR 550,2023-05-21,G-STAR RAW,4140.03
OHZPHNE 67,2023-05-22,PICK N PAY,363.49
NSIUPHR 651,2023-05-22,CAPE UNION MART,21411.99
NSIUPHR 651,2023-05-22,SPAR,1392.0
UDLGCAR 858,2023-05-23,SPORTSCENE,4982.61
UDLGCAR 858,2023-05-23,BILTONG AND BRAAI,609.62
HSUWFZF 75,2023-05-23,CHECKERS,299.82
HSUWFZF 75,2023-05-23,FOOD LOVERS MARKET,1635.8
NSIUPHR 651,2023-05-24,CHECKERS HYPER,1729.51
HSUWFZF 75,2023-05-24,CHECKERS,250.25
UDLGCAR 858,2023-05-24,SALOMON,54886.9
HVRBLTI 309,2023-05-25,LIQUOR CITY,6261.12
HVRBLTI 309,2023-05-25,LIQUOR CITY,10849.33
GKQQXJR 550,2023-05-25,CHINA VISA APPLICATION,1014.76
OHZPHNE 67,2023-05-26,WOOLWORTHS,264.48
HSUWFZF 75,2023-05-26,FOOD LOVERS MARKET,34753.0
HSUWFZF 75,2023-05-26,SPAR,15367.97
AXLVCOE 763,2023-05-26,SPAR,233.65
GKQQXJR 550,2023-05-27,SPAR,9413.08
GKQQXJR 550,2023-05-27,ILANGA LE MVELO TRADING AND INVESTMENT,1114.04
UDLGCAR 858,2023-05-27,NIKE,1437.93
UDLGCAR 858,2023-05-28,ADIDAS,6118.05
UDLGCAR 858,2023-05-28,CHINA VISA APPLICATION,4283.24
GKQQXJR 550,2023-05-28,PICK N PAY,147.28
GKQQXJR 550,2023-05-28,CHECKERS,84.3
AXLVCOE 763,2023-05-28,CHECKERS,679.18
AXLVCOE 763,2023-05-30,WOOLWORTHS,1689.45
OHZPHNE 67,2023-05-30,WOOLWORTHS,792.46
UDLGCAR 858,2023-05-30,WOOLWORTHS,51.74
RAYQLJW 475,2023-05-30,CHECKERS HYPER,898.17
RAYQLJW 475,2023-05-30,BILTONG AND BRAAI,1203.86
UDLGCAR 858,2023-06-01,CAPE UNION MART,82138.07
HVRBLTI 309,2023-06-02,TOPS,12760.51
GKQQXJR 550,2023-06-02,SPAR,469.83
AXLVCOE 763,2023-06-02,GRAND PRIX STORE,2812.56
UDLGCAR 858,2023-06-02,CHECKERS,17129.0
AXLVCOE 763,2023-06-03,FLOUR & FAITH HOME INDUSTRY,9326.29
HSUWFZF 75,2023-06-04,CHECKERS HYPER,8645.74
NSIUPHR 651,2023-06-04,PUMA,15648.09
JUXDKJE 784,2023-06-04,WOOLWORTHS,458.28
HSUWFZF 75,2023-06-04,SPAR,12683.99
HSUWFZF 75,2023-06-05,CHECKERS,13334.52
JUXDKJE 784,2023-06-05,FOOD LOVERS MARKET,1191.31
NSIUPHR 651,2023-06-05,BILTONG AND BRAAI,27.28
GKQQXJR 550,2023-06-05,CHECKERS HYPER,1552.04
GKQQXJR 550,2023-06-06,CHECKERS HYPER,13694.5
AXLVCOE 763,2023-06-06,FOOD LOVERS MARKET,1710.81
NSIUPHR 651,2023-06-06,BILTONG AND BRAAI,2012.04
GKQQXJR 550,2023-06-06,CHECKERS,20734.84
GKQQXJR 550,2023-06-07,TODS,8769.39
OHZPHNE 67,2023-06-07,FOOD LOVERS MARKET,770.62
HVRBLTI 309,2023-06-07,CHECKERS LIQUER,4567.73
GKQQXJR 550,2023-06-07,WOOLWORTHS,442.51
ZYVHLTG 995,2023-06-08,POLO,33089.88
HSUWFZF 75,2023-06-08,FOOD LOVERS MARKET,3285.89
GKQQXJR 550,2023-06-08,HYDRAULICS,7704.55
OHZPHNE 67,2023-06-08,BILTONG AND BRAAI,636.48
GKQQXJR 550,2023-06-08,LEVINGERS,1167.99
GKQQXJR 550,2023-06-08,CHECKERS,1494.21
GKQQXJR 550,2023-06-09,CHECKERS,10338.36
UDLGCAR 858,2023-06-09,CHECKERS,33308.67
ZYVHLTG 995,2023-06-10,SHESHA,6103.18
NSIUPHR 651,2023-06-10,ADIDAS,28030.54
HSUWFZF 75,2023-06-10,CHECKERS HYPER,8778.84
HSUWFZF 75,2023-06-11,TORGA OPTICAL,164.91
GKQQXJR 550,2023-06-11,H&M,9093.99
ZYVHLTG 995,2023-06-12,WOOLWORTHS,27992.37
UDLGCAR 858,2023-06-12,CHECKERS HYPER,14442.94
JUXDKJE 784,2023-06-13,CHECKERS HYPER,3555.89
NSIUPHR 651,2023-06-13,ARCHIVE,21009.14
GKQQXJR 550,2023-06-14,TODS,10009.95
UDLGCAR 858,2023-06-14,WOOLWORTHS,10399.63
UDLGCAR 858,2023-06-14,BILTONG AND BRAAI,15577.87
AXLVCOE 763,2023-06-15,BILTONG AND BRAAI,180.61
UDLGCAR 858,2023-06-15,OUTDOOR WAREHOUSE,52651.13
UDLGCAR 858,2023-06-15,ADIDAS,4969.93
GKQQXJR 550,2023-06-15,BILTONG AND BRAAI,2965.1
UDLGCAR 858,2023-06-16,WOOLWORTHS,18663.01
HVRBLTI 309,2023-06-16,APPTO LIQUOR,19100.22
HVRBLTI 309,2023-06-16,APPTO LIQUOR,17392.47
GKQQXJR 550,2023-06-16,CHECKERS,169.23
GKQQXJR 550,2023-06-17,PICK N PAY,2713.75
HSUWFZF 75,2023-06-18,FOOD LOVERS MARKET,884.75
NSIUPHR 651,2023-06-18,ARCHIVE,21944.88
UDLGCAR 858,2023-06-18,BILTONG AND BRAAI,701.97
HVRBLTI 309,2023-06-18,FOOD LOVERS MARKET,2089.08
HSUWFZF 75,2023-06-19,THE BODY SHOP,1068.18
NSIUPHR 651,2023-06-19,STORE NAME,42628.78
UDLGCAR 858,2023-06-19,EUROPA ART SHOES,1363.11
HVRBLTI 309,2023-06-19,PICK N PAY,736.47
UDLGCAR 858,2023-06-19,SPAR,1336.91
HSUWFZF 75,2023-06-19,PICK N PAY,42.01
JUXDKJE 784,2023-06-19,FOOD LOVERS MARKET,2260.55
GKQQXJR 550,2023-06-20,EAGLE CLOTHING,11132.33
OHZPHNE 67,2023-06-20,PICK N PAY,436.98
HVRBLTI 309,2023-06-20,BILTONG AND BRAAI,642.61
GKQQXJR 550,2023-06-21,PICK N PAY,7613.07
HVRBLTI 309,2023-06-21,BILTONG AND BRAAI,568.93
UDLGCAR 858,2023-06-21,WOOLWORTHS,10174.37
GKQQXJR 550,2023-06-21,VODACOM REPAIR STORE,4026.25
GKQQXJR 550,2023-06-21,FOOD LOVERS MARKET,146.31
NSIUPHR 651,2023-06-22,FOOD LOVERS MARKET,1281.99
HSUWFZF 75,2023-06-22,BILTONG AND BRAAI,25200.81
HSUWFZF 75,2023-06-22,PICK N PAY,11697.62
UDLGCAR 858,2023-06-22,CHECKERS HYPER,20568.91
GKQQXJR 550,2023-06-23,UNIQBROWS,3376.15
HVRBLTI 309,2023-06-23,SPAR,1375.46
HSUWFZF 75,2023-06-24,SPAR,291.56
AXLVCOE 763,2023-06-25,FOOD LOVERS MARKET,878.68
HVRBLTI 309,2023-06-25,FOOD LOVERS MARKET,1353.77
UDLGCAR 858,2023-06-26,CHECKERS,3813.85
AXLVCOE 763,2023-06-26,BILTONG AND BRAAI,1866.85
HSUWFZF 75,2023-06-26,WOOLWORTHS,125.61
NSIUPHR 651,2023-06-28,CHECKERS,677.73
HVRBLTI 309,2023-06-28,WOOLWORTHS,1210.54
JUXDKJE 784,2023-06-28,BILTONG AND BRAAI,282.44
OHZPHNE 67,2023-06-28,CHECKERS,559.27
GKQQXJR 550,2023-06-28,REMAX,3334.29
JUXDKJE 784,2023-06-29,CHECKERS,72.51
HSUWFZF 75,2023-06-29,FOOD LOVERS MARKET,1589.4
JUXDKJE 784,2023-07-01,FOOD LOVERS MARKET,2227.4
UDLGCAR 858,2023-07-02,SPITZ,3814.13
JUXDKJE 784,2023-07-02,SPAR,257.88
UDLGCAR 858,2023-07-03,REPAIR TECH,846.69
RAYQLJW 475,2023-07-03,BILTONG AND BRAAI,1738.78
JUXDKJE 784,2023-07-03,CHECKERS HYPER,1454.54
HVRBLTI 309,2023-07-03,VODACOM 4U,7230.63
OHZPHNE 67,2023-07-03,FOOD LOVERS MARKET,1260.76
UDLGCAR 858,2023-07-03,BATHU,18295.34
ZYVHLTG 995,2023-07-04,G-STAR RAW,2736.49
RAYQLJW 475,2023-07-04,SPAR,589.87
UDLGCAR 858,2023-07-04,GLOBAL MESSAGING SERVICES,3748.36
UDLGCAR 858,2023-07-04,COLE HAAN,5317.38
UDLGCAR 858,2023-07-04,COLUMBIA,18132.75
ZYVHLTG 995,2023-07-05,DESIGUAL,3825.39
ZYVHLTG 995,2023-07-05,2A,6405.39
ZYVHLTG 995,2023-07-05,FOSCHINI,16831.0
UDLGCAR 858,2023-07-06,CHECKERS HYPER,3882.98
AXLVCOE 763,2023-07-07,VAPERITE,1187.1
HVRBLTI 309,2023-07-07,CELL C,2417.69
HVRBLTI 309,2023-07-07,THE REAL REPAIR CO,5529.4
HSUWFZF 75,2023-07-07,BILTONG AND BRAAI,1081.69
UDLGCAR 858,2023-07-07,UNIQBROWS,4697.38
OHZPHNE 67,2023-07-08,FOOD LOVERS MARKET,504.18
JUXDKJE 784,2023-07-08,BILTONG AND BRAAI,2353.96
UDLGCAR 858,2023-07-09,PUMA,35649.34
HSUWFZF 75,2023-07-09,IV BAR,3316.31
UDLGCAR 858,2023-07-09,LUFIANO,1828.83
AXLVCOE 763,2023-07-09,WESTPACK,5580.65
HVRBLTI 309,2023-07-10,ISTORE,9059.12
UDLGCAR 858,2023-07-10,REEBOK,27058.29
HVRBLTI 309,2023-07-11,XIAOMI,6502.66
GKQQXJR 550,2023-07-11,THE REPAIR DESK,2977.94
UDLGCAR 858,2023-07-11,THE CROSS TRAINER,735.55
JUXDKJE 784,2023-07-12,WOOLWORTHS,1080.26
HSUWFZF 75,2023-07-12,CHECKERS HYPER,13984.16
NSIUPHR 651,2023-07-12,FOOD LOVERS MARKET,185.5
ZYVHLTG 995,2023-07-12,FOREVER NEW,8211.73
AXLVCOE 763,2023-07-12,MARKET KOKORO (POP UP),5752.34
NSIUPHR 651,2023-07-12,BILTONG AND BRAAI,103.6
UDLGCAR 858,2023-07-12,WOOLWORTHS,3307.72
HSUWFZF 75,2023-07-13,THE NUTRI-BALANCE CENTRE,3827.16
GKQQXJR 550,2023-07-13,REMAX,599.33
GKQQXJR 550,2023-07-14,FRANS TAILOR,4337.92
NSIUPHR 651,2023-07-14,SPAR,193.52
UDLGCAR 858,2023-07-14,FOOD LOVERS MARKET,3239.57
NSIUPHR 651,2023-07-15,CHECKERS HYPER,163.22
ZYVHLTG 995,2023-07-15,DIESEL,9879.72
RAYQLJW 475,2023-07-16,CHECKERS HYPER,1023.58
OHZPHNE 67,2023-07-16,CHECKERS,86.72
NSIUPHR 651,2023-07-16,BOARDRIDERS,3437.49
GKQQXJR 550,2023-07-16,GLOBAL MESSAGING SERVICES,595.15
NSIUPHR 651,2023-07-16,CHECKERS,116.89
NSIUPHR 651,2023-07-16,BILTONG AND BRAAI,291.86
GKQQXJR 550,2023-07-16,SPAR,18670.71
HSUWFZF 75,2023-07-16,AVENUE EXCHANGE,2784.97
UDLGCAR 858,2023-07-16,HYDRAULICS,612.66
NSIUPHR 651,2023-07-16,REEBOK,16791.75
UDLGCAR 858,2023-07-17,TIMBERLAND,645.3
HVRBLTI 309,2023-07-18,XIAOMI,24048.85
GKQQXJR 550,2023-07-18,CHECKERS,820.74
GKQQXJR 550,2023-07-18,DUFY,2785.64
AXLVCOE 763,2023-07-18,CAMERALAND,1116.99
HSUWFZF 75,2023-07-19,THE SUNROOM,2549.73
NSIUPHR 651,2023-07-19,OUTDOOR WAREHOUSE,14304.57
HVRBLTI 309,2023-07-19,THE REAL REPAIR CO,7875.06
RAYQLJW 475,2023-07-19,WOOLWORTHS,1620.79
GKQQXJR 550,2023-07-20,DUFY,1193.19
NSIUPHR 651,2023-07-20,WOOLWORTHS,3687.92
ZYVHLTG 995,2023-07-20,J CREW,7220.64
UDLGCAR 858,2023-07-20,BOARDRIDERS,306.09
HVRBLTI 309,2023-07-20,CHECKERS HYPER,876.76
GKQQXJR 550,2023-07-21,MTN,3923.16
ZYVHLTG 995,2023-07-21,POETRY,4641.61
HSUWFZF 75,2023-07-21,CHECKERS HYPER,2907.9
UDLGCAR 858,2023-07-22,PICK N PAY,3201.82
HVRBLTI 309,2023-07-22,VODACOM SHOP,2457.86
UDLGCAR 858,2023-07-24,TIMBERLAND,2450.79
HVRBLTI 309,2023-07-24,BILTONG AND BRAAI,920.01
ZYVHLTG 995,2023-07-24,SALVATORE FERRAGAMO,1131.59
AXLVCOE 763,2023-07-24,BILTONG AND BRAAI,55.28
AXLVCOE 763,2023-07-24,SIMPLY SCHOOL,10097.98
ZYVHLTG 995,2023-07-25,ZARA,12530.34
UDLGCAR 858,2023-07-26,HYDRAULICS AVANT GARDE,4965.2
HVRBLTI 309,2023-07-26,CHECKERS,1059.26
HSUWFZF 75,2023-07-26,PAUL JAMES HAIRDRESSING,923.9
ZYVHLTG 995,2023-07-27,NEYBORLY,3021.46
UDLGCAR 858,2023-07-28,OLD KHAKI,63346.49
UDLGCAR 858,2023-07-28,NIKE,21147.2
HVRBLTI 309,2023-07-29,WOOLWORTHS,1490.31
RAYQLJW 475,2023-07-30,WOOLWORTHS,366.6
UDLGCAR 858,2023-07-30,CAPE UNION MART,35512.52
JUXDKJE 784,2023-08-01,FOOD LOVERS MARKET,63.22
GKQQXJR 550,2023-08-01,SPAR,25457.74
OHZPHNE 67,2023-08-01,CHECKERS HYPER,1240.42
HVRBLTI 309,2023-08-01,CELL C,18163.69
GKQQXJR 550,2023-08-02,SPAR,1017.31
HVRBLTI 309,2023-08-03,CELL C,10160.2
HVRBLTI 309,2023-08-03,CHECKERS LIQUOR,362.64
ZYVHLTG 995,2023-08-03,CHECKERS,1505.99
UDLGCAR 858,2023-08-04,WOOLWORTHS,1234.56
HSUWFZF 75,2023-08-04,L OCCITANE,1474.77
UDLGCAR 858,2023-08-04,FOOD LOVERS MARKET,2056.63
ZYVHLTG 995,2023-08-04,HOUSE OF NALA,25425.77
JUXDKJE 784,2023-08-04,WOOLWORTHS,504.78
GKQQXJR 550,2023-08-04,CARTIER,7944.06
UDLGCAR 858,2023-08-05,REMAX,5377.19
OHZPHNE 67,2023-08-05,PICK N PAY,548.31
UDLGCAR 858,2023-08-06,COLUMBIA,2189.25
UDLGCAR 858,2023-08-06,REEBOK,30633.68
HSUWFZF 75,2023-08-06,CHECKERS HYPER,13715.79
AXLVCOE 763,2023-08-06,CHECKERS HYPER,1523.58
UDLGCAR 858,2023-08-06,NBA,22201.63
ZYVHLTG 995,2023-08-07,UNIQ,3481.65
GKQQXJR 550,2023-08-07,STORAGE GENIE,4484.89
HVRBLTI 309,2023-08-07,CHECKERS LIQUOR,7521.93
GKQQXJR 550,2023-08-07,LEVISONS,6844.23
GKQQXJR 550,2023-08-08,UNIQBROWS,7019.22
GKQQXJR 550,2023-08-08,FOREVER NEW,4346.15
GKQQXJR 550,2023-08-08,SPAR,1814.07
HSUWFZF 75,2023-08-09,CHECKERS,1884.67
AXLVCOE 763,2023-08-09,FOOD LOVERS MARKET,3154.9
AXLVCOE 763,2023-08-09,WOOLWORTHS,1013.39
GKQQXJR 550,2023-08-09,BILTONG AND BRAAI,816.53
HSUWFZF 75,2023-08-09,SPAR,9974.61
HSUWFZF 75,2023-08-10,CANDI&CO,92.49
NSIUPHR 651,2023-08-10,SPAR,448.31
JUXDKJE 784,2023-08-11,PICK N PAY,404.55
GKQQXJR 550,2023-08-11,SCOTCH & SODA,2060.65
GKQQXJR 550,2023-08-11,BILTONG AND BRAAI,14342.25
HSUWFZF 75,2023-08-11,SPAR,996.95
HSUWFZF 75,2023-08-11,PICK N PAY,2505.38
ZYVHLTG 995,2023-08-11,ARMANI EXCHANGE,2386.15
UDLGCAR 858,2023-08-12,BILTONG AND BRAAI,54.89
UDLGCAR 858,2023-08-12,WOOLWORTHS,16708.31
UDLGCAR 858,2023-08-12,WOOLWORTHS,4323.32
UDLGCAR 858,2023-08-12,CHECKERS HYPER,11294.18
NSIUPHR 651,2023-08-13,SPAR,575.63
HVRBLTI 309,2023-08-13,VODACOM SHOP,23609.47
GKQQXJR 550,2023-08-13,PICK N PAY,3771.67
UDLGCAR 858,2023-08-14,PICK N PAY,466.0
GKQQXJR 550,2023-08-14,PICK N PAY,34481.61
UDLGCAR 858,2023-08-14,PLUSH CAR WASH,4645.38
NSIUPHR 651,2023-08-14,ARCHIVE,34561.28
HSUWFZF 75,2023-08-14,PICK N PAY,627.5
ZYVHLTG 995,2023-08-14,DOLCE & GABBANA,12626.84
AXLVCOE 763,2023-08-14,FOOD LOVERS MARKET,2094.14
HVRBLTI 309,2023-08-14,LIQUOR CITY,22856.71
HVRBLTI 309,2023-08-14,CELL C,10666.63
UDLGCAR 858,2023-08-15,PICK N PAY,1764.5
ZYVHLTG 995,2023-08-15,WOOLWORTHS,3358.57
ZYVHLTG 995,2023-08-15,SPAR,828.07
UDLGCAR 858,2023-08-15,SEAFOLLY,5155.42
AXLVCOE 763,2023-08-15,FOOD LOVERS MARKET,140.79
GKQQXJR 550,2023-08-16,BILTONG AND BRAAI,7325.61
ZYVHLTG 995,2023-08-17,CARTIER,26424.52
JUXDKJE 784,2023-08-17,FOOD LOVERS MARKET,3976.14
NSIUPHR 651,2023-08-17,PICK N PAY,206.92
GKQQXJR 550,2023-08-18,WOOLWORTHS,197.44
HSUWFZF 75,2023-08-18,WOOLWORTHS,21934.48
ZYVHLTG 995,2023-08-18,PUMA,31626.22
AXLVCOE 763,2023-08-19,PICK N PAY,1931.78
UDLGCAR 858,2023-08-19,SPAR,1914.9
OHZPHNE 67,2023-08-19,SPAR,1464.22
UDLGCAR 858,2023-08-19,FOOD LOVERS MARKET,812.98
UDLGCAR 858,2023-08-20,SEAFOLLY,1352.23
HVRBLTI 309,2023-08-21,SPAR,822.79
HVRBLTI 309,2023-08-21,MTN,2317.19
OHZPHNE 67,2023-08-21,CHECKERS HYPER,2292.36
HVRBLTI 309,2023-08-21,MTN,17054.4
UDLGCAR 858,2023-08-21,STORE NAME,39765.59
ZYVHLTG 995,2023-08-21,GIOVANE GENTILE,25741.73
HVRBLTI 309,2023-08-22,PNP LIQUER,10885.96
RAYQLJW 475,2023-08-22,FOOD LOVERS MARKET,407.07
UDLGCAR 858,2023-08-22,WOOLWORTHS,191.05
UDLGCAR 858,2023-08-22,BILTONG AND BRAAI,1303.54
UDLGCAR 858,2023-08-22,BILTONG AND BRAAI,27971.68
AXLVCOE 763,2023-08-22,WOOLWORTHS,2188.98
HSUWFZF 75,2023-08-23,SPAR,11421.63
ZYVHLTG 995,2023-08-23,COTTON ON KIDS,8692.42
OHZPHNE 67,2023-08-23,FOOD LOVERS MARKET,1184.81
HSUWFZF 75,2023-08-24,VIRGIN ACTIVE,2457.31
HVRBLTI 309,2023-08-24,THE REAL REPAIR CO,11288.67
NSIUPHR 651,2023-08-24,SPAR,2750.91
HSUWFZF 75,2023-08-25,TRESOR RARE,2291.23
HVRBLTI 309,2023-08-25,TOPS,14933.64
OHZPHNE 67,2023-08-25,FOOD LOVERS MARKET,284.46
GKQQXJR 550,2023-08-25,DUFY,4898.34
HVRBLTI 309,2023-08-26,CHECKERS LIQUOR,8807.63
ZYVHLTG 995,2023-08-26,CHECKERS HYPER,1708.45
UDLGCAR 858,2023-08-26,DECATHLON,1849.46
GKQQXJR 550,2023-08-26,WOOLWORTHS,528.49
JUXDKJE 784,2023-08-26,CHECKERS HYPER,2310.9
AXLVCOE 763,2023-08-26,CHECKERS,1477.43
JUXDKJE 784,2023-08-26,BILTONG AND BRAAI,71.06
UDLGCAR 858,2023-08-27,CHECKERS,972.81
GKQQXJR 550,2023-08-27,THE REPAIR DESK,1765.52
HVRBLTI 309,2023-08-28,CHECKERS LIQUER,19752.8
UDLGCAR 858,2023-08-28,PICK N PAY,34449.91
HVRBLTI 309,2023-08-29,TOPS,29572.82
HSUWFZF 75,2023-08-29,NARS,432.0
HSUWFZF 75,2023-08-29,FOOD LOVERS MARKET,2162.16
HSUWFZF 75,2023-08-30,CHECKERS HYPER,2361.43
GKQQXJR 550,2023-08-30,WOOLWORTHS,435.02
HVRBLTI 309,2023-08-30,THE REAL REPAIR CO,3909.05
UDLGCAR 858,2023-08-30,COLUMBIA,15537.25
HSUWFZF 75,2023-08-30,FOOD LOVERS MARKET,13137.12
